[
    {
        "name": "Ivan Juarez",
        "mail": "ivanjuarez99@hotmail.com",
        "phone": "543540000000"
    },
    {
        "name": "a",
        "mail": "a",
        "phone": "a"
    },
    {
        "name": "Ivan 3",
        "mail": "ivanjuarez77@hotmail.com",
        "phone": "543540000000"
    },
    {
        "name": "ivan 4",
        "mail": "ivanjuarez66@hotmail.com",
        "phone": "543540000000"
    },
    {
        "name": "ivan 5",
        "mail": "ivanjuarez55@hotmail.com",
        "phone": "543540000000"
    },
    {
        "name": "Ivan6",
        "mail": "ivanjuarez44@hotmail.com",
        "phone": "543540000000"
    },
    {
        "name": "Ivan7",
        "mail": "ivanjuarez33@hotmail.com",
        "phone": "543540000000"
    },
    {
        "name": "Nicolas",
        "mail": "nicolas@coderhouse.com",
        "phone": "543540000000"
    },
    {
        "name": "Cesar",
        "mail": "cesar@coderhouse.com",
        "phone": "543540000000"
    },
    {
        "name": "Ivan",
        "mail": "Ivanjuarez11@hotmail.com",
        "phone": "+543540000000"
    }
]